{
  "todos": {
    "Coordinator": {
      "1": {
        "id": "1",
        "content": "Analyze repository structure and prepare content foundation",
        "details": "1. Review the GitHub repository structure at https://github.com/nordeim/Medical-AI-Assistant.git\n2. Examine existing Project Architecture Document\n3. Identify key information from analysis documents\n4. Create content outline for README.md",
        "status": "completed",
        "priority": "high"
      },
      "2": {
        "id": "2",
        "content": "Create comprehensive README structure",
        "details": "1. Design README.md outline with sections\n2. Identify content for each section\n3. Plan visual elements (diagrams, badges, etc.)\n4. Determine formatting approach for GitHub\n5. Create wireframe of README structure",
        "status": "completed",
        "priority": "high"
      },
      "3": {
        "id": "3",
        "content": "Create or adapt application architecture diagrams",
        "details": "1. Create file hierarchy diagram suitable for README\n2. Create or adapt user interaction diagram\n3. Create or adapt application logic flow diagram\n4. Ensure diagrams are clear and appropriately sized\n5. Optimize diagrams for GitHub markdown rendering",
        "status": "completed",
        "priority": "medium"
      },
      "4": {
        "id": "4",
        "content": "Add developer and deployment information",
        "details": "1. Create detailed setup and installation guide\n2. Create deployment instructions for different environments\n3. Create troubleshooting section\n4. Add contribution guidelines\n5. Create getting started examples\n6. Add API documentation links",
        "status": "completed",
        "priority": "high"
      },
      "5": {
        "id": "5",
        "content": "Create comprehensive README.md",
        "details": "1. Write introduction and overview sections\n2. Insert architecture diagrams\n3. Write installation and setup sections\n4. Write deployment sections\n5. Add examples and usage instructions\n6. Add community and contribution sections\n7. Ensure consistent formatting and styling",
        "status": "in_progress",
        "priority": "high"
      },
      "6": {
        "id": "6",
        "content": "Review and finalize README.md",
        "details": "1. Review for completeness and accuracy\n2. Check formatting and rendering on GitHub\n3. Optimize for readability and appeal\n4. Validate all links and references\n5. Create final polished version\n6. Verify all diagrams render correctly",
        "status": "pending",
        "priority": "medium"
      }
    }
  }
}