{
  "todos": {
    "Coordinator": {
      "1": {
        "id": "1",
        "content": "Read and analyze the project documentation",
        "details": "1. Read the README.md file to understand the project overview and current setup\n2. Read the Project_Architecture_Document.md to understand the technical architecture\n3. Extract key technical information, file structure, and operational details",
        "status": "completed",
        "priority": "high"
      },
      "2": {
        "id": "2",
        "content": "Identify key actionable information for AI coding agent",
        "details": "1. Environment setup procedures and requirements\n2. Application startup and development commands\n3. Key file paths for modification and development\n4. API endpoints and service interactions\n5. Development workflows and testing procedures\n6. Deployment processes and configurations",
        "status": "completed",
        "priority": "high"
      },
      "3": {
        "id": "3",
        "content": "Create the comprehensive CLAUDE.md briefing document",
        "details": "1. Structure: High-level overview → Technical details → Operational procedures\n2. Focus on: Architecture, data flows, key files, CLI operations\n3. Include: Setup guides, development workflows, debugging procedures\n4. Optimize for: AI agent understanding and actionability",
        "status": "completed",
        "priority": "high"
      },
      "4": {
        "id": "4",
        "content": "Review and validate the final document",
        "details": "1. Ensure all critical information is included\n2. Verify technical accuracy and completeness\n3. Check for logical flow and AI agent optimization\n4. Validate actionable information and commands\n5. Final formatting and quality check",
        "status": "completed",
        "priority": "medium"
      }
    }
  }
}