{
  "todos": {
    "Coordinator": {
      "1": {
        "id": "1",
        "content": "Analyze workspace structure and inventory all files",
        "details": "1. List complete workspace directory structure\n2. Identify all files and subdirectories\n3. Catalog key project components and documentation\n4. Ensure no critical files are missing",
        "status": "completed",
        "priority": "high"
      },
      "2": {
        "id": "2",
        "content": "Create master execution plan documentation",
        "details": "1. Document the overall project development phases (1-10)\n2. Create comprehensive execution timeline\n3. Detail key deliverables and milestones achieved\n4. Include technology stack decisions and architecture choices\n5. Document compliance and security implementations",
        "status": "completed",
        "priority": "high"
      },
      "3": {
        "id": "3",
        "content": "Create detailed sub-plans for each major component",
        "details": "1. Backend development plan (FastAPI, AI agents, RAG system)\n2. Frontend development plan (React, TypeScript, UI components)\n3. Database and infrastructure plan (PostgreSQL, Redis, migrations)\n4. AI/ML implementation plan (LangChain, models, vector store)\n5. Security and compliance plan (HIPAA, authentication, encryption)\n6. Deployment and DevOps plan (Docker, Kubernetes, multi-cloud)\n7. Documentation and quality assurance plan",
        "status": "in_progress",
        "priority": "high"
      },
      "4": {
        "id": "4",
        "content": "Create comprehensive zip archive for GitHub upload",
        "details": "1. Include all workspace files and subdirectories\n2. Add execution plans and documentation\n3. Include README.md and CLAUDE.md briefing documents\n4. Ensure proper file structure for GitHub repository\n5. Verify archive completeness and integrity\n6. Generate final downloadable archive",
        "status": "pending",
        "priority": "high"
      }
    }
  }
}