{
  "todos": {
    "Coordinator": {
      "1": {
        "id": "1",
        "content": "Analyze the complete codebase structure and document organization",
        "details": "1. Review all directories from Phases 1-10\n2. Map out the hierarchical file structure\n3. Identify key configuration files, source code, documentation\n4. Document the project scope and technology stack\n5. Create comprehensive file inventory",
        "status": "completed",
        "priority": "high"
      },
      "2": {
        "id": "2",
        "content": "Create Application Architecture Overview section",
        "details": "1. Document the overall system architecture\n2. Create detailed file hierarchy diagram\n3. Describe key directories and their purposes\n4. List and describe all critical files with their functions\n5. Document technology stack and frameworks used\n6. Include system boundaries and integrations",
        "status": "completed",
        "priority": "high"
      },
      "3": {
        "id": "3",
        "content": "Design User and Application Interaction Mermaid Diagram",
        "details": "1. Map user types (doctors, nurses, administrators, patients)\n2. Document user interaction flows\n3. Show API endpoints and external integrations\n4. Create mermaid flowchart showing user journey\n5. Include authentication and authorization flows\n6. Document data entry and retrieval processes",
        "status": "completed",
        "priority": "high"
      },
      "4": {
        "id": "4",
        "content": "Design Application Logic Flow Mermaid Diagram",
        "details": "1. Map core application workflows\n2. Document AI model processing pipeline\n3. Show data flow between components\n4. Include error handling and logging flows\n5. Create mermaid diagram showing system architecture\n6. Document integration points and dependencies",
        "status": "completed",
        "priority": "high"
      },
      "5": {
        "id": "5",
        "content": "Create Deployment Architecture section",
        "details": "1. Document multi-cloud infrastructure (AWS/GCP/Azure)\n2. Include Kubernetes orchestration details\n3. Document CI/CD pipeline and deployment processes\n4. Show monitoring and logging architecture\n5. Include security and compliance configurations\n6. Document backup and disaster recovery procedures",
        "status": "completed",
        "priority": "high"
      },
      "6": {
        "id": "6",
        "content": "Create comprehensive Project Architecture Document",
        "details": "1. Compile all sections into a single markdown document\n2. Ensure proper formatting and structure\n3. Include all diagrams and technical specifications\n4. Add executive summary and overview\n5. Include appendices with technical details\n6. Validate document completeness and accuracy\n7. Create final polished version",
        "status": "completed",
        "priority": "high"
      }
    }
  }
}