{
  "total_scenarios": 50,
  "specialty_distribution": {
    "cardiology": 3,
    "geriatrics": 4,
    "neurology": 6,
    "gastrointestinal": 7,
    "general": 6,
    "dermatology": 7,
    "orthopedics": 4,
    "mental_health": 3,
    "pediatrics": 8,
    "respiratory": 2
  },
  "triage_distribution": {
    "1": 34,
    "5": 3,
    "2": 6,
    "3": 3,
    "4": 4
  },
  "age_distribution": {
    "18-25": 9,
    "26-64": 29,
    "65+": 12
  },
  "average_conversation_length": 10.68,
  "average_complexity_score": 3.9,
  "generation_timestamp": "2025-11-04T05:32:20.436841",
  "quality_indicators": {
    "diversity_score": 1.0,
    "balanced_triage": true,
    "age_distribution": false
  }
}